user_id,E,AVOIDANCE,C,O,N,A,ANXIETY
06ct0t68y1acizh9eow3g5rhancrppr8,0.346594722333286,0.4898469394963471,0.8120188054789904,0.6553773084369524,0.4075692617691233,0.5059745904538957,0.38534941339396633
071nxc49ihpd0jlfmvn2lghtayy3b5n9,0.33801024913062905,0.4950223239206597,0.8127010421038543,0.6751789415089428,0.4229516183742966,0.5093378985220124,0.38483754651629065
09py5qescynpnnckmzueqzr2y49moh1o,0.3385317581880188,0.49683492277047137,0.8144791515572755,0.6751735385257307,0.408760852433016,0.5044927806768945,0.3897851917742375
0dwovd7nj6yg9m795ng2c629me0ccmrh,0.3425347513965595,0.4876501391238291,0.8154438067578873,0.6792426227524726,0.41989547855858717,0.4977986550017728,0.3909392727933506
0ibi364m7i7l01xi4xqafyathrmrrnll,0.3441990417800564,0.49829802959723035,0.8091372131514782,0.6776415157569312,0.41173883372405157,0.495132874646838,0.37920448656153943
0s308xu8rhhuqlj0jbh49z0kdx5sr2b9,0.34324210134036576,0.49554520393537627,0.8138475928914128,0.671855579463579,0.42161169234830903,0.5035622828565033,0.390310302926547
11d9lz40vkh06i6tp2mubr1qbohm8biv,0.38765967035757015,0.5361267262839607,0.8107303627975856,0.6712857993931618,0.40081732933234465,0.4932608243842167,0.4098972260209102
14ka43f4ho6puh4iyhrfzsbrdpy5yixi,0.3498071325250699,0.4882538540362627,0.8063657636970208,0.6697905627961278,0.41615492551758115,0.49633991968993985,0.3868889578066132
18n59cv9zps9sm601zu95z680wma6cvw,0.3430165589213868,0.4941599267429445,0.8119170276496831,0.6588078405065089,0.4091510828365637,0.49092536717774465,0.385765021453634
1jjc4qfpeeffirv6pnq9aulrlk2fgl3k,0.34051166336045113,0.49186148108034083,0.8121366127975855,0.6542631009983063,0.4076711411871154,0.49828366891703085,0.3893941688540338
1lvdfttfby38rwxqafl7muadiy7mfft5,0.33285991170103535,0.5017686808846853,0.8201513749238623,0.6734751488683319,0.4167168368155217,0.5053897846966762,0.38483754651629065
1nmrlqpzwa5z7pd36zy28qug14gue00t,0.3461583352055538,0.49878877988289433,0.8079404443826671,0.6792426227524726,0.40649690261780547,0.5000125897154213,0.384130897851862
1pafet4024z3sdkg590keixo01c2frgr,0.339927547986848,0.4961332589225932,0.8123542378693928,0.6710243772373419,0.4111399711256965,0.5047256086325116,0.3975280226967807
1s9ak9epkejejdgy99kuix4gqbxpjrf3,0.3430426024233261,0.5032456275474859,0.8156676907293609,0.6786346268250469,0.4277147820238628,0.4969110281310089,0.3885260988567743
1sya5ylkb5vmtm5sbo8vqph7evrj21jt,0.3419092061979561,0.5010335156601254,0.8100581875635163,0.6792290726169711,0.4201992759858834,0.4887391485117258,0.38734275756371117
20jdn2f6l8qd73yj6y2kppbc798xstql,0.3430397742104829,0.5076016712474359,0.8103862672146065,0.6674133344597212,0.40821060349235727,0.49852318607561474,0.39615367542442065
23e4gafa4tl3zgd69vzt24sljwg7hium,0.3433499544707013,0.5274187446459464,0.8071680621714202,0.670834720974441,0.40257691989202565,0.506045354127791,0.4054808711411752
26ty7w3iixzobweyinhjne1bo7bx3u5d,0.33985940334464154,0.5019967132102562,0.795949098710625,0.674381683776977,0.4196674730202159,0.4880875955136105,0.38800773486289025
2ez7hg33icitc4ycy86osihmyoaf6zmv,0.34324210134036576,0.49240887414231177,0.8110583284866678,0.6754291345829881,0.4156771988741415,0.49771652949287315,0.39189152777346264
2fs670xfe9yw8ydstcxicvsqzrdaa87b,0.33912498843325456,0.4835839892133897,0.8135196272023306,0.6792543008184595,0.4183561409600138,0.49273474701433545,0.3904569309595706
2ieolo0go8fo8wm0str85ls8s7m3tx1k,0.3821127994609261,0.5445216375094922,0.8165268884626397,0.6796744529911991,0.40505853875723324,0.4907518051013496,0.41491147740303136
2if1gnjcokhd3xf5ohbj0nnunw3puxvf,0.3395280319132161,0.49989055546127936,0.8167113496996903,0.6817304172365368,0.41621285457007773,0.4887641258386423,0.38869633140955834
2m385le0s10tvxfizbktm4sjj7xh506i,0.3435754968896802,0.504087552256745,0.8107303627975856,0.6786022000931768,0.4084152547342248,0.4956743217006652,0.3871573659412556
2mczu9ibksh2qsazz0qkgrbj7bdk87y6,0.3404264820223578,0.504584389208331,0.8144791515572755,0.6769423675376609,0.40920468824747147,0.493994821000157,0.38458469760896
2prnfocp00m0orj3ewj9ax9upu7qo4or,0.3425347513965595,0.4882734352947891,0.8135196272023306,0.6582804234790919,0.41285595698124555,0.5007097213919595,0.38527889048422964
2sqhe8tt1jeoblqs3n6uo0ztvzeika0e,0.34932516031320077,0.4792485653558369,0.8120188054789904,0.6584347797013202,0.4195079166702807,0.5077741724810639,0.38534941339396633
2zszbxip2txqztt22cogmmnatf3egx3f,0.3395806090114325,0.5039627505136839,0.8130729015572754,0.6810192390900646,0.4084089681196054,0.4989391747923784,0.38483754651629065
36o2vt1v0w4iwd29exnbgi27zi6au5fc,0.33486305069417005,0.5066434733403543,0.8163039319766168,0.6724730707505965,0.41557947890203306,0.4943359723925468,0.37895305486151903
36owol1jryds89i6sq94cqwi0d8uthkg,0.3425347513965595,0.503249506626278,0.8088154581670642,0.6826195225739624,0.4176284705432522,0.5054049704454333,0.38782407967004384
36w54uf2991wiao1halknad31ezvotiz,0.3469651239623234,0.49095600457875255,0.8168191899805207,0.658078613997064,0.4117490380856453,0.49809292396925414,0.38702924950021367
3efm6gac2ippn5rd7hq3cqfh6194oqmz,0.3418588607595852,0.49863937927445745,0.816438378406303,0.678900191471017,0.4149906740504787,0.4919305142101027,0.38782407967004384
3km44k1va2y4knrz6dlkf2u4kym34y0h,0.3500999580054508,0.4978950458961488,0.8120188054789904,0.6536006920993604,0.41958451519758244,0.5029360772429687,0.3912086950546593
3rczjyykiaxqpbeabthht21732hxm0d3,0.3461160444209079,0.49063513688168625,0.814902540171867,0.6781091848531137,0.4302029542759368,0.5001554930116441,0.39347269885210673
3sdc75b10yx0ixbpda40ckfhpc8d2u8q,0.3457702121903975,0.5058107667044527,0.8069618285118356,0.6766169817268315,0.40834998950804935,0.49395555588108436,0.3962307588068579
3x6f8m8j6hh19vqb67bhq9bbs4goyf1j,0.33831694805973384,0.49229058078652016,0.8075110343422638,0.6766169817268315,0.4115384423798743,0.5066993906271733,0.38226314175438586
3zdfak10z9plvabj8dwau3zkmbgtcpjo,0.3438478145840036,0.49905740295489565,0.8165268884626397,0.6780687984913831,0.411465684980151,0.5021463022875269,0.3879960286591478
48k5r0j4btqu8rdoq6s16ejkt01onafb,0.34831339984798215,0.49751441329877844,0.8158215493938138,0.6687448511433505,0.4176682356671656,0.5007501519787023,0.39123777786389036
4cq8dft243l5gj49pxm7iswe2bwjftxd,0.3389923092340188,0.4997312837884544,0.8155584461987337,0.6771235751334248,0.4137650591637852,0.4877464441212207,0.379140894799359
4cr6a8eebr9sa7fcv6vgqbmdg4l033v2,0.3403400360958422,0.48865736685935374,0.8145185834660633,0.683126115980556,0.40689037541250855,0.48793361285241665,0.3937255477594374
4fl04aqn59zudhd6f1908ydqlrzewjr0,0.34496779553923895,0.4887336628594385,0.8037793509158623,0.667703741961718,0.4119263950481307,0.5065526336259628,0.38782407967004384
4h7ugot0byxla1yk0nf9kg9nxyf1hlli,0.3357036558716088,0.5323947639494514,0.7952946582788601,0.6544613948533964,0.40432207675187276,0.49717665320624166,0.40290646637927047
4i1i9kgfahbizuk4rlrrqlh5tppd34zt,0.34443484749885406,0.5040764666607047,0.8088154581670642,0.6715186387872945,0.41030461134037,0.48494353406831064,0.4034017453292825
4i44lz82bo72xtgulhmbsqamzt91yn8u,0.3412399722325437,0.4996401658709448,0.8162741394799806,0.6813706199860355,0.4125753287922802,0.49860703845648,0.37901524420755733
4kgofb9pvi5pyjxjzjrplrgqj99njn2c,0.3372740157524122,0.48153072217226334,0.8094702611912914,0.6682973005821035,0.41551306683954226,0.49355594123471447,0.38283407661754076
4rec1ox4xvbbe50jcrw5ett3keehfs1s,0.3858931992914533,0.5436890255515429,0.8120727606341239,0.6789720866765265,0.4060953232184567,0.4959977636732923,0.4109979356368716
4so0t8vnmfcyw840z1mswu2td18cfjbr,0.372361565620024,0.5455460974569308,0.8107303627975856,0.6784715271813769,0.3997373229977708,0.497488641767944,0.41197395760575545
4swgb6eg121uk3sbwxo149vxfmp9ithg,0.34104738603964846,0.5023499567081646,0.8144559159620205,0.679263446373296,0.41334422242631247,0.4887685454210087,0.386819764092129
4t3jsm3ghdjuqa2b96xvgt5jnqf083qr,0.34104738603964846,0.538737386388224,0.8152304805096513,0.6806364214468781,0.40406460083211654,0.49674997742588417,0.3931372791965396
4ucsl52ybfm7q4altzes5m4yowvuu3md,0.3481436106703106,0.4890625844855398,0.811246278126024,0.686988775011087,0.4186857299766234,0.4948771157713879,0.3900222155858522
4whbe0y9fno5nfmxnqzwwydx5oqqy3py,0.34261831429437223,0.4846776550112245,0.8171099920752188,0.6764676628677424,0.4084684467547744,0.5050470650031414,0.3845260581048604
526gs9dqx6wissrl3meyisg9i6th6avn,0.34324210134036576,0.4985009656084177,0.8059825361384613,0.6808766308496383,0.4083307440093143,0.4976787587320884,0.3868889578066132
56umhe8ybfqo3udonow6e7h9nh6zfcn9,0.3389231155676579,0.4921561681949693,0.8075331254105607,0.661555039319542,0.4063917662366706,0.502475588456393,0.3885126762167119
58kvfywze12icwge7rijfk0utvr9gdk9,0.3375666473342189,0.4935946814393087,0.8089172843422638,0.671472415182265,0.4064937944726345,0.49176989118819087,0.38483754651629065
5hmfbulj8wbmeu51d8k62shniptu9zw3,0.33842882601803687,0.4994332784069047,0.8034909950219428,0.6776203626371087,0.4119072602046727,0.4842838327862103,0.38226314175438586
5i4wtm84ni0il7sciwmq0uncbtlwvmb0,0.33507898798013863,0.5018199322382402,0.8132688753927618,0.6762745504453759,0.4140588328335288,0.511180413732817,0.38497783820989107
5rh7fov0yf6vnayzixjck46q4edm2xma,0.3487934046227401,0.5065644024953875,0.811157996926754,0.6706458833444092,0.42109687267592116,0.49508816305888287,0.3867984225964342
5tm0ls7cvjptgb7ak0367o6xxsakw2hh,0.3457702121903975,0.4969861158936797,0.811675157499157,0.6792426227524726,0.4165926941937752,0.48599313666194044,0.3958562624318126
5ud94940mcd80sdw4ew16qxxmwdwmm1y,0.3874930454491791,0.5439086614944282,0.8152739985568291,0.6668321853619055,0.40395535970944657,0.5026834008403037,0.4128020106011471
5uoku9g7ox972ybb4axiiwn16717firm,0.3444192404830144,0.4925816331643324,0.8087516060036026,0.678900191471017,0.41506521498539767,0.4915980317500194,0.3900323659412556
5we816p2ml0mujwg2ha1vicr0p2qtoo3,0.34104738603964846,0.5028355363878592,0.8144152993938139,0.6783935980644233,0.40829026369464705,0.48704483937074,0.3868889578066132
62fech76sxdk37s0cta06gzzsqg71xvg,0.3321273448807688,0.4957164907888227,0.816082291581314,0.6725763591436416,0.4104359995524881,0.5014641964143878,0.3805844651179293
640i8g1cpqz1r4jy4lshpau35v54vycx,0.38254055508593915,0.5377860570778147,0.8124645784866678,0.6707545700165589,0.4038948547035048,0.48494353406831064,0.40638769939557484
6cwjjqgf7iu88wyhp1e6c6gvmwilsuir,0.33784067923095507,0.5069372069981746,0.8151844906261013,0.6734751488683319,0.4159808989877149,0.4874054149077924,0.39048616569835354
6d1rla5doi4ivwrlojrz5fpu3x6169aq,0.34364949766154596,0.5548214696629613,0.8020502573176681,0.6763076867068568,0.402596343622689,0.4959977636732923,0.4021592614234921
6d3syqencbejb4dzscqhbon4bn4t4fkc,0.3430704740757568,0.4863008509717458,0.817909902867385,0.6775817678256968,0.40657094003191646,0.5006980912512204,0.38577266837972124
6irbe1g2e6r0l4mbciguimc802h970f5,0.38496711170736847,0.5378789116251738,0.8026047166815382,0.6810192390900646,0.4060953232184567,0.49395555588108436,0.4148645168330672
6rafm58i0f3qq9q646staz263l7zx23z,0.3458764749373296,0.4953856259400289,0.814862025038869,0.649804466320936,0.41701736125618205,0.5035804048600854,0.3995950475502029
6rbqri4fyu77yr9yxtc3r5x7hti49u53,0.33246569579201357,0.5022805424511696,0.814862025038869,0.6792426227524726,0.4124177278373217,0.5089346868688007,0.39048616569835354
6vh79p7uyqrk49m5qpq238x8qx2wh2mf,0.3395051614267998,0.4937122467425503,0.8114209195163384,0.661568187771771,0.41031174881965593,0.4997886195074465,0.389779517033925
6vxnq8zfpipevsg703ahald3s5w9pjcc,0.34996228473494945,0.49273583409435967,0.8143871755946576,0.6721040857770239,0.4073696871488741,0.4898762852324363,0.384130897851862
71jryulbmhbfhue9bfwhk7lfawddealx,0.34104738603964846,0.538420750479778,0.8056367357774115,0.6652942868406736,0.3963680989482867,0.490547783406935,0.40364265856088594
7ceghjygw1lzsfnpdwno38hsq7kuj7ed,0.3457702121903975,0.5068336811208081,0.8130729015572754,0.666326582322969,0.40970009666298396,0.4820219948379259,0.4003563612127619
7f3jldpw6c5su9ugznmqr3lbgi55i82u,0.33555394527590127,0.4949329635122667,0.8117680536694216,0.6758632779255191,0.4267549078033621,0.4895162362437651,0.381504987531158
7idtl91310dbx0jzauf5c5dlpu4ico7e,0.3353719320335015,0.5486976588437664,0.8110733534429159,0.6792426227524726,0.4019751783678312,0.5059062426855447,0.4015782281505011
7j62tqfxjoaz5byk643ctgenbfjuu99h,0.33913523186027544,0.5015082101671576,0.8173300591973195,0.683126115980556,0.415504063641871,0.5039522150326473,0.384130897851862
7kdo6r8vm6flwk720audpxc2ijqa5ln9,0.34324210134036576,0.4957009828944042,0.8104362944144183,0.6758051514881046,0.4174242297981672,0.4839509288697325,0.39278027554060335
7l4pmmmbgv9sacq4p9lv7visshvd4byx,0.33679759393330144,0.49009774640144016,0.8080813728985956,0.676234164083645,0.42696510344758243,0.49645646757985995,0.38259495462841886
7ydtinx0awda0x0mpyu1lwdh0n11oek0,0.3454859914676798,0.4817166810313521,0.8166474975362287,0.6803228412970629,0.4290120120777266,0.5114788372708122,0.3867742692544246
816gpz0jt4jnjmb1osav67xw5igbp2af,0.3424549423264218,0.491687449361973,0.813479010634124,0.6663310425696841,0.41089350694883414,0.5031705247729553,0.38853072833447244
8l2kwf77tt7yyhd6ggu4n3diyhditcyg,0.3457702121903975,0.5031685045935554,0.8121289005244945,0.6760358326290157,0.4138104674492258,0.4939475442853121,0.3858738840056746
8n0ou578obejna7w0l0ha2ttl7u9jv1z,0.34051166336045113,0.5050175013991945,0.8090734175806616,0.6748520434552264,0.41677507000055364,0.49294690279958914,0.3868889578066132
8ssqkoq1idfdbhzyw45gmimai30stu34,0.3857156982304707,0.5525326406357217,0.7990574225371343,0.6724484306064069,0.39226621540286916,0.4961764153787296,0.4148645168330672
8vp74g6kssomu1a6akix6y3hqy6552t7,0.34057130902321747,0.4937254194006403,0.8141173646989331,0.6706896127516017,0.4101441525919089,0.49928841376841476,0.3851693593903236
8y3vw5wsbj8lefvmwar3v297dbkd4hiq,0.3372474489857192,0.49391582501974796,0.8157443586434254,0.6778124489666078,0.4149254916838697,0.4997460459459189,0.3869767329932687
8yj5qg4qz9jynky1imc2aiotp6uwjwxm,0.3400819327176328,0.4995763341205587,0.8135325085851643,0.6703495036536055,0.42308007054586033,0.4979511664565024,0.39109185493206255
98as6suith8cskycmudejdvhvmiwi1iy,0.3383764019101524,0.5056728545267436,0.8067308788209718,0.6894855556938575,0.4165208192904204,0.48619586659467073,0.38770713962479497
99u7e2kcxz3d8fzaqblow0fgl9u06eeg,0.3356983880381222,0.5421933214125524,0.8140448761029075,0.6568073921953811,0.403573841897543,0.4962158676944179,0.39889991525234153
9bwpkz1tsw7h8w57hs6fjpw41iusdjxn,0.3814576190167942,0.542929162867599,0.8143742743588195,0.6687175028687856,0.4060953232184567,0.4930691907955325,0.4140177746215938
9cxhzri6m0ogecxhe1303rydgp9x67lw,0.33831694805973384,0.5000714472809361,0.8205905811708979,0.6719011669450958,0.42190110405814435,0.49367137902753,0.382994665132968
9i4x0l6lzayvpooc4ybugncxxd58dvee,0.34959504197756147,0.496039980284371,0.8139316007202908,0.6810192390900646,0.43499062327495375,0.48676906064923914,0.3823145900488473
9kzwdxn6vp514xe06efyb26qdnidt3m1,0.3370000740535163,0.4966561683220271,0.8120925858819539,0.6775554053721514,0.4158348903747283,0.4957564472095649,0.37659677715230017
9ybweq2c9bw3whelacik3uxbnba9yj1i,0.3856137188965088,0.5405418483909978,0.8094998041811489,0.6711694854601812,0.40429404169386957,0.48716439356595587,0.41206109211957115
a0b2zb9018211kkel80gr80c3px5mvhc,0.33510009888391756,0.4873955840614158,0.8172977072421501,0.6808258607657443,0.41514312824417543,0.4976422550635132,0.3932968360803002
a2is3y4a06exppvypo27imxbo2bt0nc8,0.3808233069991329,0.529687566465241,0.8138677485568292,0.6712911439843271,0.40586594949939453,0.49151528137143247,0.41390838751562337
a8w5juro2x4fbxo7bnwztfz0i8e61k9k,0.34051166336045113,0.5013285095919775,0.8101141983797447,0.6644174993369896,0.42007713196272356,0.4800126942890992,0.3867294945396725
ae4d8z4xa1zpaex8je25anuz7k3vavzc,0.3837178270708227,0.5399537328084815,0.8121366127975855,0.6810974361000025,0.4044827813746216,0.5083813712529852,0.413678213871926
ae90k3wgo50si8sd1r5q99uxtnkvpdpi,0.3340451085452925,0.5051668039916098,0.8025067106758579,0.672599659246046,0.4088863915923604,0.4988006737262023,0.3847920375167581
agj1zc5wxirn0885t1cj5gsnhitoacky,0.3430704740757568,0.4975903527074736,0.8098876895740884,0.658345380744049,0.41118543327381024,0.48625174524457826,0.38155649308995726
aidphjbj9c6qakq6j5m1nfbmmiy73f9k,0.34282547817435327,0.5037512176517801,0.8130729015572754,0.6678549706013573,0.40688808218745004,0.5013535971265682,0.390582139624795
ap52gs0xsrckqp5ot84z4qeqx133uu39,0.3435754968896802,0.4923580334296986,0.8107303627975856,0.6761729701828199,0.4086082958675315,0.49633024613337556,0.3770505769093981
aqdpi64il7z7prcq26a81l1sfznd3on2,0.3476967552558121,0.49853817849203585,0.811157996926754,0.6674649154925666,0.4101107932281557,0.49744319697574396,0.3868889578066132
b2ue5jnavdf5rxncafwcfgycnqxebpxu,0.38493835772222373,0.5294734854006239,0.8099104049465278,0.6674120365783232,0.39656578077578364,0.49837208752947704,0.4107694777604246
bgszxe71rzsv3tmo1qhuriaf8s3a5awc,0.34104738603964846,0.4996560122744511,0.8089556055222447,0.6771386682250174,0.41352721870748205,0.5008681088241851,0.3925791646851399
blxku3vuct7gkjz53hkz1gxnaojrsmkg,0.3457702121903975,0.49625078106925186,0.814841742586946,0.6801557390098978,0.4130826121124761,0.5033544946453827,0.37711977062388236
bq7ikhzq7xt66si1kmprz9vdjpnl5eqp,0.35326660509959146,0.49828352354519706,0.8159956564184432,0.660906064504733,0.42035895490096337,0.5001910636608244,0.38226314175438586
bz0s8q7ylgzl29f87ma7hoj28qzrnvzj,0.3371884192151455,0.505286571860158,0.8078317580264743,0.6771992396678955,0.42767424351877503,0.4898466993047757,0.3868889578066132
c1fc1n5szt10yzmu8g5et5mf42wl4ylf,0.3372740157524122,0.4973593962143679,0.8129625609400004,0.6700389754853623,0.4113089664173239,0.5048162226495215,0.3865595152625225
c2afzs5zoty5d6x06k1m8781j3ie1yah,0.33038222517943033,0.5014388984384194,0.8134018198837356,0.6851292495220985,0.4388657581299932,0.5125026299175146,0.3960178551613304
cc2kszsnpboklenkmf0e3am8ckusouqu,0.3851099849868327,0.5368486904601031,0.8103918115344981,0.6792426227524726,0.4019314726838632,0.48866673691931467,0.40887807276934224
cdaj65qctw066ou7x4pn9hc6tjcmeme9,0.33946873105312947,0.49114747766141653,0.807256849056145,0.6734751488683319,0.4175744911335755,0.5044927806768945,0.37868149308995736
cdoehmckcuu2phkj0g84odpu4kj9f230,0.34019672745366575,0.5006869140172292,0.8124711353880488,0.6687156733553934,0.4103895184267955,0.4960798891821919,0.3878493999645665
cdpexkrbjob7puu8ahw2xj6lt8umj49v,0.34104738603964846,0.48786445866306194,0.8107303627975856,0.6661681156375624,0.41034041851021447,0.5068292574365837,0.3860228458752439
ceojvjjthre8av5nkgmw7ei4sdcwmc20,0.3491864466362038,0.504648377970935,0.8097455754667375,0.6642428836768464,0.4082708977116525,0.4957916232964836,0.389779517033925
cpq2luxkqwl68qcniopqtav0k2vl2cyo,0.34932516031320077,0.4898469394963471,0.8120188054789904,0.6506264993754638,0.42177497463066216,0.5059745904538957,0.38534941339396633
cz3s8ini8iyrb8uz8x4a32z8bnsmvol5,0.3822079197423091,0.5511736441588834,0.8171842813466358,0.6784181689676501,0.40468611586783126,0.4987687910947838,0.42312155264537277
d6shpn9ebosxt4n1hhl64benshbezqnx,0.3450349905941605,0.49573860141623305,0.8144791515572755,0.6705562761614687,0.4086425703134278,0.5015329172455713,0.38714275130013787
d8y3v2kh07gdtlym8k8yjorulc6gua92,0.3457702121903975,0.5088891638171242,0.7998714630930215,0.6766169817268315,0.4247642781968291,0.4991344096360251,0.3876879529285258
de4h65iivu8c2iympl371dgaaj3px9ka,0.34802457315388113,0.4919647387988724,0.8089009921760578,0.6724545510232066,0.42553923672596644,0.5025047491348664,0.3963774834323436
dgm54nxhyr9cextksr1tnflxu416sama,0.3452651893764741,0.5044470615433295,0.8135196272023306,0.6792426227524726,0.41156041316531494,0.4828672060927978,0.3859563235725677
dh252lx7psysxa7uqz2kacizqlfsxqhy,0.33574724686255536,0.5274245690840915,0.8098205278653594,0.6719311299303001,0.40468611586783126,0.4979857952153203,0.4054808711411752
dju5g8omebrjvo940rvdsvjx68ej65tv,0.3425347513965595,0.4873898468563428,0.8138677485568292,0.6792426227524726,0.41989547855858717,0.4977986550017728,0.3909392727933506
dnmht6eebqauwh4w6akiy9q1zb0ebl0g,0.34324210134036576,0.5012004787753885,0.8138069763232062,0.6766169817268315,0.4092239769049394,0.4996247913543165,0.39069143274395657
e0sqnlig8tfs3nggqs4ppm21n42nd1y9,0.34554466977141857,0.499490858650638,0.8176106322196892,0.6827554690659258,0.41075214832451784,0.4941965772229209,0.37756168359596776
e19lbjlbcx9q8785rhh8jy3gobpr30bf,0.38237954700691806,0.5411525028905875,0.8109100692121287,0.6695912005772187,0.40180724747785534,0.5001960415062835,0.42590825546255784
e2lxjfsgoej3zcy11zwjo157p5usis34,0.3404060650200637,0.5066933421949158,0.7963610722285851,0.6756934013475601,0.43025133521950826,0.48917508485137534,0.38734275756371117
e3efkh8l3ivtx83ivemenaoicedue5wj,0.3865719482404469,0.5461974905216678,0.8046759545785476,0.6792426227524726,0.4060953232184567,0.49395555588108436,0.41557116549749573
e9zdi89gp7vwfazymtxpngr8u5drtjzw,0.340916667431192,0.49289686562155205,0.8175730192693412,0.6836657037365292,0.4169758241776838,0.4890898333964078,0.38476835280180643
ei06d61s381rbeorcyd47fhbtih73t6i,0.34324210134036576,0.4989771333588805,0.813479010634124,0.6591411262331279,0.4118226765280791,0.4895257019004785,0.3775718339513711
eju3ygk3fxhk3snll2phzg4dvpkx9pvj,0.34051166336045113,0.5007331491987874,0.8165036528673849,0.6771992396678955,0.4186803959606494,0.5001785488544557,0.3905640875070345
enu4kub4kn25pp392at2kn2pg9dn5tpv,0.3880232851395629,0.5447357459109166,0.8101553178081943,0.6365415075503384,0.3994352909134509,0.498529235205142,0.40870925525014895
epebfko9ccwvfzblh4jkeuo6m89ruv96,0.37626827566794396,0.537209342486713,0.8124007263232061,0.6708495078426909,0.4013138175247939,0.49531037516652615,0.40691069286715703
euwc18dw62yiizeyevmdk40enhbjy5vp,0.34523731772404337,0.49693783467887315,0.8065747455825739,0.6761135600777186,0.4184891201243763,0.4958042008367478,0.3846999012245997
ez3g95xseydrfqnee23e41cdo9jldfis,0.3438478145840036,0.5044923620758811,0.810274004215903,0.6810192390900646,0.42575922984128,0.4962729051984337,0.3951749340619067
f30qhm1a8mni00tmrtpmr9m06vdc4m3c,0.34787840568206474,0.4957997156223316,0.807599606320791,0.6734751488683319,0.4154086678911485,0.4868974454270338,0.3940034847447288
f4zgi7ym7829iqld6x77q6mh30s0rf86,0.3433017470031321,0.5051779848956852,0.8100581875635163,0.6689055375860035,0.40628176524695886,0.49131183257192845,0.38483754651629065
f8vlyg0wtbsmu9p9t3egonfs8rqjn6tp,0.33973070384577875,0.4973674765467964,0.8175700156514826,0.6696294837920901,0.4231151467392009,0.49461340263597997,0.38471497523281445
fav48xfxollnr5ho5pf5e2489ts2vhll,0.3406235413187541,0.498622140399059,0.7921369384033328,0.653078013943119,0.4200571897308405,0.4905735315933507,0.3972656992745889
fbp0q8auxifvaw26muxk08h0e43l5xq7,0.34112951696869764,0.502020112815694,0.8107303627975856,0.6742708943574107,0.4110081837953797,0.4968301644073212,0.38907002477475117
ffw4du7oj59dgi5cobxa4exkvgj5l40y,0.3457702121903975,0.5083349236361419,0.8047801013211808,0.6666046752932014,0.41341100453833596,0.4970090033093743,0.38797080429552966
fgpby3hpq0dxahoz31sahl2ywp4ic8cp,0.33946873105312947,0.49114747766141653,0.807256849056145,0.6734751488683319,0.4175744911335755,0.5022719211792492,0.37868149308995736
fjo9rdodcq8gu0rp9cluyjmoclotqv00,0.3457702121903975,0.4984443201715479,0.8121366127975855,0.6726204828668696,0.4108972366030206,0.5035045950606829,0.382383041626054
fjtva8jxymk5z3b6rpw65hkdt0f8j5bn,0.33410126233124005,0.5085300439235927,0.8120727606341239,0.6734868645338582,0.4086214664173239,0.508539802254631,0.38812871927327214
fo4huupfifiiu0m71jepll709kz77y0s,0.389169725579501,0.5373298301088569,0.8046759545785476,0.6798457043143601,0.4030824123791892,0.48920660135816374,0.4092158976510043
fsrnc43crfcw20q5jv6rl620qluckgjx,0.34104738603964846,0.49359165446121467,0.8047801013211808,0.6743358892219072,0.4068980559999561,0.5010616716607297,0.3861262245578638
fu81uabcsmugx31pazzbqkx9uquc73p6,0.34168725994535365,0.4981474649761159,0.8157681144525278,0.6856482855425865,0.41170779693936466,0.5019154654654782,0.3879534563417593
fvqxvfy7e7seko7xrgl60217yvk1xkh7,0.3520223556118446,0.4978950458961488,0.8120188054789904,0.6536006920993604,0.4173139565430861,0.5029360772429687,0.3912086950546593
g0ibdptztphdny4qdkmkvlo78etktkuo,0.3457702121903975,0.5065343677408508,0.8131841681240801,0.6748520434552264,0.4089850748698794,0.49395555588108436,0.3934851354785732
g0vjqfozv1n2vg1tggyqv151mthrrd56,0.3411368432312504,0.5080971935244467,0.8136583239182852,0.6751126937356584,0.41309451645418,0.49165376155784124,0.39240699584034194
g7ct4chwle39i3ulhy8f9eqy0l4sfbkg,0.38108330651511196,0.5552484735351789,0.8032922861636291,0.6792426227524726,0.39455107892114194,0.48247443241768884,0.40984217387430183
gbqdk4fiageaz1ctreuk6nd3y5jlxqnb,0.33162456380711286,0.4933159532376601,0.8095590675565519,0.6821546874091274,0.41347766894728194,0.5002556539764889,0.3823063500041939
gcqzgv3cp8dnm31ys5uy2b8pifq2hhay,0.34802457315388113,0.4934464370295085,0.8147778904234845,0.6744979341077837,0.42769960699786447,0.4951113985877403,0.38782407967004384
gemo5q5llsk44vezvt3rztv0yyfgjaxf,0.3330850958499972,0.542290337711055,0.8107457570456071,0.668456603839267,0.39335433510051826,0.49679773105306707,0.4047625580649765
ghcnqnle4ccmwqdjud69az45sux0uqh2,0.3849076578569499,0.5426445709359384,0.8110583284866678,0.6826844798389198,0.40346010657754694,0.4926577111344781,0.4151173657403978
gnubge5he0scnti43c95ylppja5hyu3e,0.38237954700691806,0.542325128554288,0.8178896204154618,0.6679199278663147,0.4045937409399756,0.5003973704774858,0.4185433547481913
gopyguzecqwdmfvh3ggsui9s5q7nzpnc,0.3430285899800527,0.5025216088306981,0.813479010634124,0.6771235751334248,0.406627426621901,0.49821862317093746,0.3868889578066132
gpn5y1k1yova9y728z6wp47wxvtscu1i,0.33360629243583056,0.504796554793748,0.8155934014579437,0.6726593415115601,0.4149286532595405,0.5098801306369589,0.38028995897048196
gzbml73s00h3mlk2kdibc20o3rn2wd17,0.3406288091522407,0.5030558521068859,0.811845278076598,0.6795334346399872,0.42881384987096227,0.4921087473581774,0.3780493144706463
h0icm6kusqcb4tajgiafnkw6490426e9,0.3430165589213868,0.4956693737975712,0.8146889352818494,0.659442577461265,0.4069104476707448,0.5141487732265041,0.38871837473979126
h56srndge9i25ksdtajjfgsm10e59kgb,0.33755599897582217,0.5455014984198462,0.7954885723948355,0.6760939529559153,0.40097985688496807,0.4885296975780037,0.40620404420272843
h996pbvzoysf1rp9cc9hv74grb90vs6c,0.3460151936311284,0.4986606593194991,0.8178559477122513,0.6522244319323509,0.40738233637209276,0.4925994256047616,0.3800689970510499
hc1khhq70dp6f4d05ul5ln95ucjem8n5,0.34172309201661316,0.5134479116576649,0.817204563798559,0.6771235751334248,0.4198772380073991,0.49072604330194397,0.3868889578066132
heumv2vt7nk9tz7sto58s4q3dxmgxueq,0.33967105818301235,0.5081757728919453,0.8104422850430787,0.6756432543048281,0.41709394041414194,0.4912172926435831,0.3871189495557881
hu8w9emfx8y4fiodbe9uvd745cluu8og,0.34324210134036576,0.4905315935552096,0.8107303627975856,0.6760358326290157,0.4118902612077167,0.4945871654926178,0.38853072833447244
hvdrhgkik7svztwi5h151fj3023nuwx2,0.3818491220896978,0.5373625335177812,0.8146492549247093,0.6766169817268315,0.40585440441503784,0.5061445387215063,0.406773047575466
i195gtv66qemch7ok8obmqrnvglqohld,0.3359569887558627,0.5019777191810099,0.818871555986059,0.6792543008184595,0.41971995107890386,0.5027641427786235,0.3933188333670445
i8ebqio39p9mb8g7kc2tqv7qdsfurmfs,0.3374763428822951,0.499244407909007,0.8132485929408388,0.6419281827435356,0.4251457020493733,0.4931342804747532,0.38339995055841475
i8vepz3fjp5yf8z2ns2we6nry2k4jr8t,0.3374763428822951,0.48396359147475804,0.8125003947632925,0.6575182885200719,0.41049384196503574,0.48828515772888986,0.3796249816713029
iehecqzngnxahj29eo7zzqi8t0kuicjj,0.34324210134036576,0.5079723672182768,0.8073249339749996,0.6766169817268315,0.4087704315476679,0.4989793254316396,0.39203227167277893
iejmhz7ospkdpfy5ma3uc4b9ry4a764b,0.3851099849868327,0.5442486210525813,0.8114209195163384,0.6693333200509711,0.39760422010830704,0.4869857418605186,0.41005410100179934
ihpvfrf9xyc9zd4w5o1s27fgykwurh7k,0.3510411977015398,0.5391394820694215,0.8135196272023306,0.6781091848531137,0.40391595859960866,0.4939067117632881,0.40272281118642406
ilib386515rz7gma6xjlnbglimbu59ag,0.3425347513965595,0.4956095037593492,0.8185266791831743,0.6747219727761317,0.41589149172857653,0.5048572861041447,0.38207948656153945
inpczyd9ainftnew4ie099z1yds9c8gt,0.33575466162597983,0.47859073962094684,0.8158215493938138,0.677220063288719,0.4107665543991325,0.5114765386796679,0.3858819614988828
iqx2tqavqtpmh1kdn5wnt2wvlvt4me97,0.33424525672739946,0.5075090377316255,0.8186012275583188,0.6826844798389198,0.41674633283352874,0.49856716364429693,0.39747880135122643
iyamqcg0w2b7n2ukim49aerg3bumyxh4,0.34754346757500415,0.5028081528385208,0.8091167846784318,0.6836109418050129,0.4107795527783577,0.49028801183504195,0.3872185820652236
j61muejrwpt5t0q52gliep5h8nu0oqds,0.39059021498384816,0.5443083583050695,0.8087157897269779,0.6719372503471002,0.4034785758849482,0.5061026040822213,0.4081133314146416
j6eo0r4csyzmbvtv0ty9cfhaujdknb0j,0.3465597214994055,0.5039977162765426,0.8175291581495204,0.6810827328959789,0.41951711113269907,0.49889168609141277,0.37708948350903637
j6wo3pt6m38ptcky7otksvpxwfmjm2sy,0.34051166336045113,0.5039845936341341,0.8141957142459115,0.6512950286912097,0.4083972546928626,0.48631558206838477,0.38782407967004384
j7hxgnl03djtinolkcszy4gv4t1xp0dm,0.38237954700691806,0.5440100552304612,0.8046192897521458,0.6818890873989372,0.4060953232184567,0.4869857418605186,0.4151173657403978
j7vxxogwiz792uj1uoyhhqf2870ogdgn,0.3452651893764741,0.5071945649549634,0.8053946350964567,0.6792426227524726,0.4110155187226088,0.48716439356595587,0.3907288642502808
jc9m8zuhcr9yhtqhvttea9phyyl0n9lx,0.39118912346768686,0.5444684821767012,0.809305417996599,0.6792290726169711,0.40574563384532975,0.4898762852324363,0.4094159039145775
jcn5hwgaeatzjmjww98ejl6o4omh5n7o,0.34012076024509824,0.5018168104851017,0.809421128795804,0.6791820513095945,0.4133153697731555,0.48654553192613575,0.3964734573587851
jdzrviz1crtu0q5e7d9mvgk4dxujd8rk,0.3760469175581569,0.5331252920807075,0.8110504871394347,0.6792426227524726,0.40609445632911995,0.49151528137143247,0.40691069286715703
jmkq5i3hibtrv4v20g9hjnkplucfai6d,0.34051166336045113,0.4885104422672637,0.7855329412298232,0.6813973372583924,0.41000838336831136,0.4999373889905183,0.38483754651629065
jnxjj86slokqd3qxz4t0xd1sbh0pnk1g,0.380297662500524,0.5337383180937433,0.8164866680828575,0.6672535308311968,0.40600702110184,0.49571358681973793,0.41373713246457766
jp4ome1kafz9wl7j046j24mtn1y7br6z,0.3452651893764741,0.49986716760909433,0.8082009243917884,0.6792290726169711,0.4341670065635186,0.5045496788800192,0.39687387954689113
jztc6t415ocxtnioyvgzddv49j3pcus4,0.34309941987324927,0.5072449489457476,0.8094427911178568,0.6711667056303962,0.4139971870902066,0.4995524831093745,0.3942184475836141
k8rmuzmt7952ckx7c163ld6w0lob9j3k,0.35244650140846834,0.4898469394963471,0.8120188054789904,0.6506264993754638,0.41533812304926765,0.5059745904538957,0.38534941339396633
km9ndw8j2s65iwp2wmuys4izxnjrrzg3,0.3446440874788076,0.5060816186689188,0.8087157897269779,0.6644295072961032,0.4092648066210299,0.5077906783008791,0.3902906237204945
kw8tsmtmqgfloq4ucb9hbizt7vhwieug,0.34324210134036576,0.5035976076805319,0.8059825361384613,0.6792426227524726,0.4088729131653149,0.4782291666279708,0.3971341445882224
kyh917b2w9vecn6ti343cr4tdpux2yqw,0.3357036558716088,0.5006347067770544,0.7864388715647438,0.6730210047153372,0.41103698916731074,0.5036967664751677,0.39634005192601945
l2a64i3p35nquw35cxneilk4i1an161t,0.33912498843325456,0.49886817758026725,0.8042597627511613,0.6694904674360694,0.42387165115379055,0.5060854412112848,0.3839801453948021
l34d9zzi2gk1784oqmeycg8hffjr5t18,0.34179551349192855,0.49923812751411295,0.8148678894799807,0.6811395837514563,0.4123954009293698,0.5095023006800834,0.38406170413737784
l4e0nfw0yzzaouhu9efltwdk6m95jloj,0.3369094718916045,0.497897587750331,0.7900517332481992,0.6809195415673147,0.41049078013541523,0.48314629169608003,0.3973552244763246
l7o357ot2banopizg7vid5tbso9h4y3m,0.3430426024233261,0.49625078106925186,0.8128271695163385,0.6712911439843271,0.40931532228075423,0.4934927273220927,0.393349278913341
lavu4pc9zwshidetx4yof9p7g614gv7g,0.34051166336045113,0.4877329818351031,0.7862338521609974,0.6762425346081556,0.4377869772472348,0.4868974454270338,0.3791711819142049
lexmavaj7uru9oa2wj8g3zx0326ndqhz,0.3425940823558223,0.4991009234209392,0.8177601986245426,0.6734683119302742,0.41244116533732167,0.5037675450736329,0.39048616569835354
lgetudqf25r56kapeymcv95x8q7moka8,0.34104738603964846,0.49205035443504763,0.809421128795804,0.6739167850099682,0.4123353137576264,0.4999628034929091,0.3879960286591478
lh00crko7a3iom3im9i4cywgc9m7vic3,0.34053476451892645,0.5021908478608644,0.8133923420716195,0.6771992396678955,0.41321564734487803,0.5045246464517286,0.38797080429552966
ljz94z7vs4bm5wawq4141xm6ieonio8o,0.34012076024509824,0.49161351420031907,0.8097527479100244,0.6734101916033747,0.4159808989877149,0.49533303022902475,0.3820102928470553
lmnbxs1oysglzpf0rnllmdlgjkk4n3l2,0.33515600048709326,0.4843021656602482,0.812853316409373,0.6746270420890045,0.41031931461411053,0.4959094672398075,0.38577266837972124
ltl8gf0qeokew9j5fjouzjgj1iggwcqk,0.34324210134036576,0.5334556463763483,0.8130729015572754,0.6818890873989372,0.4040865716175572,0.4935527498500553,0.4038148080307438
mbshtka3n0bxmkmztjskzg89382hh36n,0.34309941987324927,0.500380461304296,0.8060262687442673,0.6647895577328164,0.4128105486958049,0.5048162226495215,0.3791019881997207
mn1ssilt7awub2bs4ign0wc8v54x3dz4,0.34324210134036576,0.5064196617928571,0.8124645784866678,0.6818083463534903,0.42367508625195455,0.4888831593855367,0.38623020955976883
mtksp40840d55e7vqpq840bb8st06g9d,0.34559858492578854,0.49936433892744014,0.8017350831261812,0.674562891372741,0.4078283127504763,0.49576493571767516,0.3989786684062056
mvjrx5w1ykzs4xhfyp0u3isaotao9ig6,0.3438478145840036,0.49304797614890566,0.8157675942386803,0.6740584989271546,0.4080646483245179,0.49874377552307764,0.38431455304470846
n3l9sc6sinb2up1qxytkppkaq2cu4hd0,0.3408450589097656,0.49880588305352186,0.8044323901060386,0.6719657802883299,0.409511115038058,0.49488153535375445,0.38155649308995726
nd9t6ta0k01m71dhg7z1i4zbl07iomw7,0.3893720527093839,0.548998543605633,0.8060255397521457,0.6792426227524726,0.4003433949600585,0.5010616716607297,0.41461072333954246
ndqzmihoau9uu9nfm0gkbids9yqu49at,0.34051166336045113,0.49685179430749876,0.815977602018313,0.680517033939972,0.4175744911335755,0.4868974454270338,0.3856557283344724
nlf7wmx2aczynvwq8s2uhc9vi65itx9n,0.3435754968896802,0.502095712758625,0.8121366127975855,0.6764393480689794,0.4204584228205892,0.5067309071339617,0.3868889578066132
nrajkdsw3k66fs6xmrcrg5cx59wh6431,0.33165107605198996,0.5042493615968805,0.8125253507202908,0.6771992396678955,0.41164373570072327,0.5008681088241851,0.3942870539054531
ns1f9qfr328rgouh298x47g25bet33it,0.3452651893764741,0.5018925304284633,0.8144152993938139,0.6792426227524726,0.4096220799881503,0.485581657000886,0.38207948656153945
nt0kallmiu3m93jvrwgll44wx6ooqnsa,0.34167370663869095,0.4950321857752497,0.8107303627975856,0.6653152040182111,0.4278313868107373,0.493994821000157,0.384625619388793
o4wkq0eenu9ulwe6st0tqmtyydghw11w,0.3462739461000735,0.5066451632171103,0.8144559159620205,0.6739749053368678,0.4363209442129453,0.4898762852324363,0.3756972114292643
o9pw2tnf0paqtbnatdk4z9hz8nvgbml0,0.35055559123359176,0.49752631755204724,0.8053644694180604,0.6727979531011361,0.425758463622691,0.49864724932653987,0.39314827576672423
obszsrq3d4un5rcca947w13fged1birq,0.33237779361282555,0.49517296987832893,0.814862025038869,0.6775125425169825,0.4207110159139421,0.5075830092159876,0.38274062622643557
obxys6l4irrep8gzf0fq4t9xvnj8wuu0,0.33967105818301235,0.5023502749730103,0.820230139690667,0.6766169817268315,0.4186683989877149,0.4934927273220927,0.38663610889928257
ogecvmquvmgwazab0osmth2eaieiejsv,0.34104738603964846,0.4901737939395225,0.8047801013211808,0.6743358892219072,0.4068980559999561,0.5010616716607297,0.3861262245578638
oh97ndodfecyygydoh15xtcehksgre9w,0.39057958748545796,0.5497807335419969,0.8071196167436772,0.6614205354204888,0.40037235720188113,0.4951113985877403,0.4151173657403978
ohcq9l9avafjhna9lxw10b1v3898ew7a,0.33831694805973384,0.5102785615847494,0.8124645784866678,0.6774776844808676,0.409014951144878,0.4942474813469229,0.387255803004064
okq4csptd950rc2qghvg2noom96dhwsg,0.33912498843325456,0.5036362531238504,0.8047801013211808,0.672598361364648,0.41569010696649045,0.503780283406127,0.3984288947226662
ol7cv5k5hz7rlpow96675tkf4lwjf6ag,0.3399812384432308,0.4934029889537916,0.8167322494392922,0.6783988436532321,0.4177819952927142,0.49554984857943696,0.378034949195311
orkj1m3ty84j2j44evyl475fqlyewkqx,0.34264887109513,0.49317794754360306,0.8110583284866678,0.6725873472648584,0.4219805825512159,0.4954807588641208,0.38782407967004384
orv973hw22cy626ws0xtviju1x0tjl5b,0.3394455157640334,0.49424754674045834,0.8123067161650194,0.6734101916033747,0.4152508318193457,0.5066402931169519,0.37998256627168436
os3r35ujbthdlbyjp815how8w1k3lp48,0.38994861645841467,0.538002893033709,0.8102918479280361,0.6731425692869335,0.401161869154179,0.4956743217006652,0.41557951581452474
ozlchq4ao96rke4n2xbz9hxo8ogd1unu,0.3478583189450258,0.4911965194674865,0.8087157897269779,0.6852451635996036,0.40895047610908075,0.48549104298387613,0.38800773486289025
pey076bqc5zdegsc9la3vd96vafl4hgz,0.3854113917666259,0.5187465859619285,0.811682045805297,0.6727606072132032,0.40599632975633637,0.4932455813770397,0.4168295237689255
pgrhppipzisb3xnxhnomjt9udg358l58,0.33776395786080876,0.4882445640051222,0.8103396479687587,0.6579379921976363,0.4108520192261866,0.4935536756005974,0.3883979735026952
pujj3w0xa7cbwpwpyxwhgff1stts5903,0.3329246435169172,0.49839268394942465,0.8089394708375586,0.6770026809568396,0.4228933032268287,0.5014636299535371,0.38227987440898614
pun1empp6oyjujfvrtfrq7t21bndapau,0.34324210134036576,0.4973098499134148,0.8114644375635163,0.6810192390900646,0.41235160988877423,0.4923315353611237,0.38770713962479497
pyshaf7jwywzfkafcepizgkbdide8ypf,0.34024491581445915,0.48903176472211224,0.8169794785488065,0.6747844201544279,0.4169758254581186,0.5022695366465675,0.38177682422940606
q30p8rrnxl5jld9j35f5vx7u6epuf2gr,0.34040326673326177,0.4967891313213386,0.8130729015572754,0.6805761394893853,0.4279273950102889,0.4916075786978542,0.38207948656153945
q4om4iaf2uvwyvjzifd6kcvuul5xm8a4,0.34574699690130145,0.5009091829413008,0.8109322010741835,0.6792426227524726,0.41372660421885693,0.49902721248080595,0.3919919252642901
q91ww3hmw5lof951ts61p3mu52oxrl3o,0.3456251618027122,0.49799669738103725,0.8141071589525615,0.6758329143037397,0.4074786233773495,0.4956766775289802,0.3791711819142049
qn8vtu7k2x50izwd6wx174gfj3gwmmnv,0.3435754968896802,0.4881693814157322,0.7871368802818983,0.6840092328636729,0.4214713216014531,0.49089303244712396,0.38102967614592026
qp163z3rppzfcf7u6d8qp2oen6p210t8,0.3802967096645038,0.5377059703465912,0.8034735197612671,0.6816900308748062,0.40597522586023244,0.49177396150251185,0.4092782586228866
qps6x3223x44a0f43wls21do54kvwlcg,0.33412256126444645,0.4844026356152511,0.8082009243917884,0.6555309020883765,0.4277454611685698,0.4928645748105894,0.38285603972386595
r3fup9twcc1b22vl23ry2npckwl437xo,0.3430704740757568,0.49685279615805805,0.8111309949017091,0.6601219970816412,0.4201859712451361,0.49240703836074007,0.3814395530447085
r4o5eh2kmy7ebfnydk3o0kvlykulwgg1,0.3383764019101524,0.5049697377685987,0.8091434238561466,0.6878780781105668,0.4062683456871201,0.4900790066120713,0.39271108182611913
r9yxwyetyg7rqjwqcxx39lk5zrj0xlb7,0.34051166336045113,0.5012912061288474,0.8087157897269779,0.6792426227524726,0.41601972545337795,0.48781120596276834,0.38182490122459967
rb0jg4y42rgesbbn9yi6ijx0uvf8fijs,0.3398280106382586,0.5063479776754367,0.8080660921826067,0.6550659899138951,0.4107659930138821,0.4981524491895877,0.386819764092129
rmlt7geo1kvllujba7ssj9mweh8zehdh,0.34192541914649593,0.49610706472100063,0.8141408316557718,0.6774296313234214,0.41427132050121324,0.5001554930116441,0.38853072833447244
rq9rbjhwbwlet1638neumftjn18nw6k6,0.33174170959890253,0.49965368031046,0.8101141983797447,0.669084569571086,0.4088316050995076,0.49519637744338724,0.3831982636178165
ryzyq2dmk3gg9oinvwi2ujutu0jzs4iw,0.34027176965223915,0.5075308098257267,0.8101220397269779,0.6810192390900646,0.40834998950804935,0.49965758680109706,0.39686176833508957
s01t3oa2x0f1228wsm3vrx08v1v7i34g,0.3369406202030977,0.49235264628496717,0.8157443586434254,0.6809788527283338,0.4184411141222263,0.4862467431033586,0.3854065498890282
s8mcuywaodqy109hi550lj10q3s30r5h,0.3375666473342189,0.4956207100708816,0.8177398238525407,0.676640878566426,0.4140588328335288,0.49742339242872846,0.3868889578066132
sar6hff7d0nogdywvb0vkzivwir7cf3x,0.3372508004633162,0.4912900275852434,0.8143774648554546,0.6625385907655716,0.41173123443936466,0.4988690214945531,0.38085387422189726
sl3rfi2vsl1ambrnean1iwesvbog40x2,0.33997807877798164,0.48876453323704183,0.8124007263232061,0.6704806116269983,0.4118306431748969,0.5036093803129738,0.38226314175438586
snilxp4fgzi281ayieikiwle0xkb1uok,0.38422562482221884,0.5446299094611189,0.8141408316557718,0.6771235751334248,0.4060953232184567,0.4956365509398806,0.4125900834736496
stw8sqc4x8jd0fyvhefwktlbhfuhb0nv,0.3843772329397296,0.5370429017771896,0.8144791515572755,0.6696315869389494,0.40457177015453505,0.5052932224437943,0.41516049702308194
syphkjiitpehetpk3avmh2tnfayhlbnb,0.3379414728488465,0.5045693714784092,0.8165268884626397,0.6799949903915697,0.4123931889343511,0.48997277505214043,0.3855264497606964
sypliy4lb18jqrcikel4lwcq1f90lff8,0.3457702121903975,0.5119779431191391,0.8081370722283268,0.6792426227524726,0.4078283127504763,0.48494353406831064,0.3836452388239829
t6tbqb9o35p43lurms1gvwajkx28yni9,0.3308309744054961,0.4909743788302599,0.8165728783461897,0.6779570536381462,0.4403336974744379,0.5123013687890764,0.3795460035794677
t72vej72nk7lc5tbfo59icweo0c94no7,0.34324210134036576,0.5404624360273235,0.8083279414751017,0.671750634557997,0.4046829639974972,0.4885734925198355,0.4043362881052523
tbq8amnpqaruwlk4k59y24o88v2lrijv,0.34051166336045113,0.5298936991630151,0.8151612550308464,0.6760358326290157,0.4051619166465803,0.4991619627953249,0.4026247159952884
te1amnn2afvk33l07lvp40i0ll0vuad7,0.33831694805973384,0.49496979527317053,0.8070999317818683,0.6820500515421337,0.4209972856124055,0.49571358681973793,0.37382174905869886
texx4na58bvzj89l8j19lrsf3e6jxkkw,0.34131970373397186,0.4981387579244053,0.8130729015572754,0.6737212762828503,0.41447612820860885,0.49002367917614253,0.384130897851862
txx1g7ne2p633i81z15w7lqz8p858pil,0.34522427242410636,0.49220896165747163,0.8121133772023306,0.683291387697967,0.41274093726516675,0.502696100012024,0.390582139624795
u77esmcig7ii875cq5cv8pev5qn6xdb7,0.34491781185890585,0.49124260275862836,0.8196207561747054,0.6750801920488477,0.41741502258520524,0.5090137174885757,0.3837166698696992
ufhkj6o7xh0azv4izmvc1gqau89r2yea,0.3795135415094282,0.5518728763353263,0.8147398937447754,0.6734101916033747,0.39745151309491045,0.48400570633027556,0.4082889720210581
uqptpuktzo1kl14usd4jivfn5t7ne0wy,0.3411202048169322,0.5016880508559848,0.8075110343422638,0.6725401101744279,0.42306619778198223,0.5044927806768945,0.3849411084745727
ur6ur61c96tkp8r4v5og5wo9r32ctlcc,0.34342078451956154,0.49946911499220215,0.8014368121561724,0.6672142724319235,0.418474451417299,0.49262308237566005,0.38875976167809434
v4a5crla11s25l4qh3q6ttxtmdpqacak,0.3454964623038494,0.49619500746180284,0.8140216405076528,0.6756089134340337,0.40834998950804935,0.4869857418605186,0.38798095465093296
v5dg3o7vfktpny3cuapf83hhn1xs9860,0.3793442265287621,0.5331494884668831,0.814841742586946,0.670834720974441,0.4024378138211276,0.49195261320794914,0.4076440631800445
v5lghqolgdvl1b2w9upffzv8g5ge5gbp,0.34486322498111394,0.4931809795599793,0.8121366127975855,0.6812282120864442,0.43772211493764557,0.5007774948071751,0.390582139624795
veiwupaigla1qbijyxu3oujyjumg7wio,0.34324210134036576,0.5010273446436273,0.8138677485568292,0.6667024794923385,0.41163031792221616,0.5044927806768945,0.38458469760896
vicffjlhtet4thithalfjj8ngcarykw8,0.3374763428822951,0.5050319648121158,0.8175933017212642,0.6818890873989372,0.4284339666497564,0.4843803226059144,0.3824880948862904
vj3jr31xyw7tsckiiwnqu69yt3smj3wk,0.33886858795782304,0.4922920644203014,0.8105434631514783,0.67874041760238,0.420999308528032,0.5010910930402654,0.3900222155858522
vt5k7cjw6isdablqhgi2a0n3i6yo4b2h,0.34296847926839796,0.5203567576781829,0.8018860361636291,0.681097168207018,0.42213287031462954,0.4967584659339944,0.38737274304931285
w0payh6v0jjxkkafl6vsvc4n8kgpv7ox,0.3435655336305654,0.5024822856410327,0.8121366127975855,0.6766169817268315,0.40952311298051197,0.49571358681973793,0.38571761623311285
w73115nc8smn0t3xr1ojqp6dqpb1tq35,0.34051166336045113,0.5042267870992858,0.8065747455825739,0.6746218427396405,0.40772399994830905,0.49181682189233883,0.3830808504993258
wbxlv3oiicvb6obqrpc0ytxpfh7h0v0d,0.3459256800804973,0.4916505361694334,0.8158621659620205,0.6802189611294179,0.4240812284897571,0.5014644931179313,0.384130897851862
x5xvdmiagqijl0uoe001wwekdfsw823b,0.343393929442666,0.49720150742422425,0.8098255273297176,0.6740562979661476,0.4088817639278421,0.49995536007119623,0.3939446748577726
x84f5xk86kbqh76f1s5hg0dqob1y3hgj,0.34271343457575526,0.5000076497219809,0.8144559159620205,0.6782597688117212,0.4072834192538298,0.5002293144563568,0.383152754618284
x9cy9eel74dwsb80otlzfbw14b3b3d8x,0.34387996104087853,0.5010865731596458,0.8017783043851806,0.6757916013526034,0.41350369097468265,0.49978006403451775,0.38207948656153945
x9s7evgt3nbpi9qsa4h1y4gn7rdg26op,0.34131970373397186,0.4988096632745274,0.8107303627975856,0.6852451635996036,0.411260845055576,0.49283950484188227,0.3868889578066132
xb9ig94k4epico5uwz5bp0ijzeqq8s6h,0.3378744147500827,0.48161144822336743,0.8164810591633761,0.6531022841347933,0.412967768183406,0.5078505784270091,0.38081295244206415
xjq9ej55dl8nthsehd6bye3cenlm32kq,0.3485216090985985,0.4978337741670277,0.8087157897269779,0.6750801920488477,0.4194954878833917,0.4939062903068936,0.38431455304470846
xn1ntk5orulu90oq0vzp1xmhyy9tfno3,0.34090451276018413,0.5040748115050818,0.810926336633072,0.6771992396678955,0.4203386858826864,0.4932427164950938,0.38833036000874444
xpmlqatcyx250189qrc2vfbx0bg0p8fi,0.3433017470031321,0.49465144082747786,0.8131699175554936,0.6744979341077837,0.4155595937683795,0.49912269767625217,0.3853555330587337
xsj9qawvj045o9rb75a94us7ig94sm65,0.3430704740757568,0.4966412039092083,0.813197628983855,0.6763502149798463,0.41677053655211777,0.4813363912111679,0.3923617142168696
xuf151z5jzhhj2er2adkxed1zcbhjykc,0.3851099849868327,0.5349987187940456,0.8004957172280074,0.6737665333278019,0.40464338971036334,0.5016272403176916,0.41482267214142
y2aa8tmzuj9o7bphyo0epsgwmzklp7lz,0.34131970373397186,0.5034093363491509,0.8100581875635163,0.6695863473863006,0.41055581454864176,0.4906925392221275,0.38401395780661324
y90uzkbhswi7ii3m3l7pkeha0kcjixxm,0.3378931033388395,0.5435938862747575,0.7887632905667944,0.672599659246046,0.39570572493262246,0.4967580615645747,0.40272281118642406
ye2iekzvkven8ztwqlili7eh13jvltoz,0.34324210134036576,0.5040956947846189,0.8079404443826671,0.6792426227524726,0.41513925239950866,0.49874377552307764,0.38990081125488907
ynms1hvhmzagkbx86y4wp6nocxx1ktf2,0.33279765914910336,0.4968989375143419,0.8134250554789904,0.6718734019253911,0.4133533293494818,0.49092536717774465,0.3891988744709682
ypfbkkx6ffwmr9jiict56hl7zujikesq,0.34324210134036576,0.5003781983909984,0.8071584563574955,0.6658997816035783,0.42781209815326937,0.5108736608532781,0.3819292418689561
yx4q3zokksf3a3g3oapn055p1dnf0a91,0.3382317667216405,0.5031838829234749,0.8088618259942829,0.6792426227524726,0.41604316295337795,0.48879512169710937,0.390582139624795
z5ph5cupbgi6fqg4oxrkqkpbazwad4zy,0.33898211515379023,0.48219940169434544,0.8144791515572755,0.6665078386602934,0.4108981034923573,0.5007859833152856,0.39000486763208186
z6ejdyu1emh9z9mlsnt5km2suhgbonl9,0.3967387950309976,0.5326046116988231,0.8049472554412281,0.6678106294297298,0.4013494228471695,0.4930762244429074,0.4150481720259136
z9sjtv730uwrqxjtr4gc6l9w0j1oczgq,0.3874496551029901,0.5432159430373185,0.8029548936971317,0.6792426227524726,0.4018892527256637,0.5007885541999698,0.41762257678781833
zci96dg47sjje2bnq3xedf3xitiv3q6d,0.34343119141799117,0.4966049645253138,0.8134250554789904,0.6718734019253911,0.4065857575043601,0.5025476095246934,0.38203397756200697
ze48yzkau6a9f5438ddpd5zrn64td34w,0.3438478145840036,0.5059069882687798,0.8082611680668776,0.6792426227524726,0.4091385466313738,0.5028710514973205,0.38990081125488907
zo3dy2tmqdzyowk6d0amswrlsr4ze1pn,0.34587090262011194,0.5139686602754192,0.8128482199404427,0.6739924495444386,0.4066304568694569,0.4956743217006652,0.3850913400098153
zpqlckcomr2ers9guqn5zqdzkxcghrfa,0.3433728572882411,0.5096891140918995,0.8100581875635163,0.6734751488683319,0.41370301872260873,0.5015763851295145,0.3798933898059452
zso1bj16eaerh3y2y2sgnnkrdkkfac79,0.3406288091522407,0.49535979845988726,0.7925895284894997,0.6792426227524726,0.41172030451160874,0.4960798891821919,0.39154219387110034
zuelpgcp4186rxrhifbslyrdfhhaxxt8,0.34324210134036576,0.5344909600502904,0.8189822040346829,0.6703219865049397,0.39994021549654407,0.5035624700509898,0.405143322658013
zurv8xodgwcle1guhjai6n1i4cw4lc8r,0.3865719482404469,0.5455593179732215,0.8102596821788022,0.6825204005302504,0.40360408913676227,0.4874563190317944,0.4137472828199812
zw2pjht6tf3ymkfbfbm83zcjxfuumzal,0.34324210134036576,0.5128517685666528,0.8073017469734528,0.6792426227524726,0.40943129447263454,0.4886247379995146,0.390582139624795
zwfesexkazacsz78p8g1h6ockrcvoypf,0.3849104860697931,0.5007883424291701,0.8058059546042436,0.6758135352567111,0.41284451645418,0.49473913270593006,0.4089587385182526
zzsafm5u4tzk6k0ba500tlggn7iw8v03,0.34324210134036576,0.5045552152926511,0.8138677485568292,0.6701955350478941,0.41169196366553834,0.5065349884691024,0.38458469760896
